timeframe_minutes,session_start_date,c1_start_new_york,c2_start_new_york,confirmation_new_york,direction,c1_high,c1_low,midpoint,c2_high,c2_low,c2_close,target,target_hit_new_york,target_hit_same_session,session_end_new_york,historical_right_edge_new_york
30,2026-08-03,2026-08-03 18:00:00-04:00,2026-08-03 18:30:00-04:00,2026-08-03 19:00:00-04:00,bearish,28950.5,28918.0,28934.25,28962.25,28932.25,28945.75,28918.0,2026-08-03 20:15:00-04:00,True,2026-08-04 17:00:00-04:00,2026-08-04 17:00:00-04:00
30,2026-08-03,2026-08-03 18:30:00-04:00,2026-08-03 19:00:00-04:00,2026-08-03 19:30:00-04:00,bullish,28962.25,28932.25,28947.25,28958.25,28929.5,28948.75,28962.25,2026-08-03 19:47:00-04:00,True,2026-08-04 17:00:00-04:00,2026-08-04 17:00:00-04:00
30,2026-08-03,2026-08-03 20:30:00-04:00,2026-08-03 21:00:00-04:00,2026-08-03 21:30:00-04:00,bullish,28909.0,28864.0,28886.5,28902.5,28831.5,28902.0,28909.0,2026-08-03 21:30:00-04:00,True,2026-08-04 17:00:00-04:00,2026-08-04 17:00:00-04:00
30,2026-08-03,2026-08-03 22:30:00-04:00,2026-08-03 23:00:00-04:00,2026-08-03 23:30:00-04:00,bullish,28994.25,28948.0,28971.125,28993.0,28930.0,28977.0,28994.25,2026-08-03 23:32:00-04:00,True,2026-08-04 17:00:00-04:00,2026-08-04 17:00:00-04:00
30,2026-08-03,2026-08-03 23:30:00-04:00,2026-08-04 00:00:00-04:00,2026-08-04 00:30:00-04:00,bearish,29008.0,28957.5,28982.75,29016.75,28968.5,29007.0,28957.5,,False,2026-08-04 17:00:00-04:00,2026-08-04 17:00:00-04:00
30,2026-08-03,2026-08-04 00:00:00-04:00,2026-08-04 00:30:00-04:00,2026-08-04 01:00:00-04:00,bearish,29016.75,28968.5,28992.625,29023.5,28994.25,29015.75,28968.5,,False,2026-08-04 17:00:00-04:00,2026-08-04 17:00:00-04:00
30,2026-08-03,2026-08-04 02:00:00-04:00,2026-08-04 02:30:00-04:00,2026-08-04 03:00:00-04:00,bullish,29099.0,29067.0,29083.0,29089.5,29042.25,29072.75,29099.0,2026-08-04 03:02:00-04:00,True,2026-08-04 17:00:00-04:00,2026-08-04 17:00:00-04:00
30,2026-08-03,2026-08-04 03:00:00-04:00,2026-08-04 03:30:00-04:00,2026-08-04 04:00:00-04:00,bearish,29109.0,29037.25,29073.125,29118.25,29065.75,29070.75,29037.25,2026-08-04 05:06:00-04:00,True,2026-08-04 17:00:00-04:00,2026-08-04 17:00:00-04:00
30,2026-08-03,2026-08-04 03:30:00-04:00,2026-08-04 04:00:00-04:00,2026-08-04 04:30:00-04:00,bearish,29118.25,29065.75,29092.0,29132.25,29067.0,29111.5,29065.75,2026-08-04 04:34:00-04:00,True,2026-08-04 17:00:00-04:00,2026-08-04 17:00:00-04:00
30,2026-08-03,2026-08-04 04:00:00-04:00,2026-08-04 04:30:00-04:00,2026-08-04 05:00:00-04:00,bullish,29132.25,29067.0,29099.625,29111.0,29037.75,29069.25,29132.25,2026-08-04 06:45:00-04:00,True,2026-08-04 17:00:00-04:00,2026-08-04 17:00:00-04:00
30,2026-08-03,2026-08-04 04:30:00-04:00,2026-08-04 05:00:00-04:00,2026-08-04 05:30:00-04:00,bullish,29111.0,29037.75,29074.375,29069.25,29007.5,29045.25,29111.0,2026-08-04 06:14:00-04:00,True,2026-08-04 17:00:00-04:00,2026-08-04 17:00:00-04:00
30,2026-08-03,2026-08-04 08:00:00-04:00,2026-08-04 08:30:00-04:00,2026-08-04 09:00:00-04:00,bullish,29238.5,29199.75,29219.125,29230.25,29186.5,29202.75,29238.5,2026-08-04 09:20:00-04:00,True,2026-08-04 17:00:00-04:00,2026-08-04 17:00:00-04:00
30,2026-08-03,2026-08-04 10:00:00-04:00,2026-08-04 10:30:00-04:00,2026-08-04 11:00:00-04:00,bearish,29564.25,29432.5,29498.375,29579.25,29515.0,29549.5,29432.5,,False,2026-08-04 17:00:00-04:00,2026-08-04 17:00:00-04:00
30,2026-08-03,2026-08-04 14:00:00-04:00,2026-08-04 14:30:00-04:00,2026-08-04 15:00:00-04:00,bearish,29884.25,29809.5,29846.875,29895.75,29840.0,29881.0,29809.5,2026-08-04 16:15:00-04:00,True,2026-08-04 17:00:00-04:00,2026-08-04 17:00:00-04:00
30,2026-08-04,2026-08-04 18:30:00-04:00,2026-08-04 19:00:00-04:00,2026-08-04 19:30:00-04:00,bearish,29841.75,29793.0,29817.375,29849.25,29809.25,29825.0,29793.0,2026-08-05 10:53:00-04:00,True,2026-08-05 17:00:00-04:00,2026-08-05 17:00:00-04:00
30,2026-08-04,2026-08-04 20:30:00-04:00,2026-08-04 21:00:00-04:00,2026-08-04 21:30:00-04:00,bullish,29877.5,29812.5,29845.0,29861.0,29796.75,29819.75,29877.5,2026-08-04 21:57:00-04:00,True,2026-08-05 17:00:00-04:00,2026-08-05 17:00:00-04:00
30,2026-08-04,2026-08-04 21:30:00-04:00,2026-08-04 22:00:00-04:00,2026-08-04 22:30:00-04:00,bearish,29887.0,29810.75,29848.875,29889.0,29850.0,29853.75,29810.75,2026-08-05 04:30:00-04:00,True,2026-08-05 17:00:00-04:00,2026-08-05 17:00:00-04:00
30,2026-08-04,2026-08-04 22:00:00-04:00,2026-08-04 22:30:00-04:00,2026-08-04 23:00:00-04:00,bullish,29889.0,29850.0,29869.5,29875.0,29842.25,29860.25,29889.0,2026-08-04 23:13:00-04:00,True,2026-08-05 17:00:00-04:00,2026-08-05 17:00:00-04:00
30,2026-08-04,2026-08-04 22:30:00-04:00,2026-08-04 23:00:00-04:00,2026-08-04 23:30:00-04:00,bearish,29875.0,29842.25,29858.625,29892.75,29853.5,29864.0,29842.25,2026-08-05 04:21:00-04:00,True,2026-08-05 17:00:00-04:00,2026-08-05 17:00:00-04:00
30,2026-08-04,2026-08-04 23:00:00-04:00,2026-08-04 23:30:00-04:00,2026-08-05 00:00:00-04:00,bearish,29892.75,29853.5,29873.125,29894.25,29858.5,29889.75,29853.5,2026-08-05 04:18:00-04:00,True,2026-08-05 17:00:00-04:00,2026-08-05 17:00:00-04:00
30,2026-08-04,2026-08-04 23:30:00-04:00,2026-08-05 00:00:00-04:00,2026-08-05 00:30:00-04:00,bearish,29894.25,29858.5,29876.375,29898.25,29859.25,29871.0,29858.5,2026-08-05 04:14:00-04:00,True,2026-08-05 17:00:00-04:00,2026-08-05 17:00:00-04:00
30,2026-08-04,2026-08-05 01:30:00-04:00,2026-08-05 02:00:00-04:00,2026-08-05 02:30:00-04:00,bearish,29986.75,29920.25,29953.5,29990.75,29925.25,29929.5,29920.25,2026-08-05 03:27:00-04:00,True,2026-08-05 17:00:00-04:00,2026-08-05 17:00:00-04:00
30,2026-08-04,2026-08-05 03:00:00-04:00,2026-08-05 03:30:00-04:00,2026-08-05 04:00:00-04:00,bullish,29987.25,29901.25,29944.25,29920.0,29884.0,29903.5,29987.25,2026-08-05 09:30:00-04:00,True,2026-08-05 17:00:00-04:00,2026-08-05 17:00:00-04:00
30,2026-08-04,2026-08-05 04:00:00-04:00,2026-08-05 04:30:00-04:00,2026-08-05 05:00:00-04:00,bullish,29926.0,29820.0,29873.0,29844.0,29796.75,29837.5,29926.0,2026-08-05 07:33:00-04:00,True,2026-08-05 17:00:00-04:00,2026-08-05 17:00:00-04:00
30,2026-08-04,2026-08-05 05:00:00-04:00,2026-08-05 05:30:00-04:00,2026-08-05 06:00:00-04:00,bearish,29864.0,29814.5,29839.25,29894.5,29852.5,29858.25,29814.5,2026-08-05 10:53:00-04:00,True,2026-08-05 17:00:00-04:00,2026-08-05 17:00:00-04:00
30,2026-08-04,2026-08-05 05:30:00-04:00,2026-08-05 06:00:00-04:00,2026-08-05 06:30:00-04:00,bullish,29894.5,29852.5,29873.5,29871.75,29833.0,29857.25,29894.5,2026-08-05 07:02:00-04:00,True,2026-08-05 17:00:00-04:00,2026-08-05 17:00:00-04:00
30,2026-08-04,2026-08-05 06:00:00-04:00,2026-08-05 06:30:00-04:00,2026-08-05 07:00:00-04:00,bearish,29871.75,29833.0,29852.375,29872.0,29833.75,29864.25,29833.0,2026-08-05 10:40:00-04:00,True,2026-08-05 17:00:00-04:00,2026-08-05 17:00:00-04:00
30,2026-08-04,2026-08-05 07:00:00-04:00,2026-08-05 07:30:00-04:00,2026-08-05 08:00:00-04:00,bearish,29923.25,29863.75,29893.5,29943.75,29890.5,29919.5,29863.75,2026-08-05 10:31:00-04:00,True,2026-08-05 17:00:00-04:00,2026-08-05 17:00:00-04:00
30,2026-08-04,2026-08-05 09:30:00-04:00,2026-08-05 10:00:00-04:00,2026-08-05 10:30:00-04:00,bullish,30073.25,29909.5,29991.375,30048.25,29901.0,29915.25,30073.25,,False,2026-08-05 17:00:00-04:00,2026-08-05 17:00:00-04:00
30,2026-08-04,2026-08-05 10:30:00-04:00,2026-08-05 11:00:00-04:00,2026-08-05 11:30:00-04:00,bullish,29918.75,29787.75,29853.25,29891.0,29762.25,29809.75,29918.75,,False,2026-08-05 17:00:00-04:00,2026-08-05 17:00:00-04:00
30,2026-08-04,2026-08-05 11:30:00-04:00,2026-08-05 12:00:00-04:00,2026-08-05 12:30:00-04:00,bullish,29861.75,29712.75,29787.25,29833.5,29701.75,29829.25,29861.75,,False,2026-08-05 17:00:00-04:00,2026-08-05 17:00:00-04:00
30,2026-08-04,2026-08-05 12:00:00-04:00,2026-08-05 12:30:00-04:00,2026-08-05 13:00:00-04:00,bearish,29833.5,29701.75,29767.625,29840.0,29769.75,29809.0,29701.75,2026-08-05 15:46:00-04:00,True,2026-08-05 17:00:00-04:00,2026-08-05 17:00:00-04:00
30,2026-08-04,2026-08-05 13:00:00-04:00,2026-08-05 13:30:00-04:00,2026-08-05 14:00:00-04:00,bullish,29819.75,29740.0,29779.875,29778.75,29734.25,29757.0,29819.75,,False,2026-08-05 17:00:00-04:00,2026-08-05 17:00:00-04:00
30,2026-08-04,2026-08-05 13:30:00-04:00,2026-08-05 14:00:00-04:00,2026-08-05 14:30:00-04:00,bearish,29778.75,29734.25,29756.5,29786.25,29752.5,29776.5,29734.25,2026-08-05 14:31:00-04:00,True,2026-08-05 17:00:00-04:00,2026-08-05 17:00:00-04:00
30,2026-08-05,2026-08-05 18:00:00-04:00,2026-08-05 18:30:00-04:00,2026-08-05 19:00:00-04:00,bearish,29638.5,29560.0,29599.25,29678.75,29617.0,29621.75,29560.0,2026-08-05 20:00:00-04:00,True,2026-08-06 17:00:00-04:00,2026-08-06 17:00:00-04:00
30,2026-08-05,2026-08-05 18:30:00-04:00,2026-08-05 19:00:00-04:00,2026-08-05 19:30:00-04:00,bullish,29678.75,29617.0,29647.875,29650.5,29611.75,29628.25,29678.75,2026-08-06 11:10:00-04:00,True,2026-08-06 17:00:00-04:00,2026-08-06 17:00:00-04:00
30,2026-08-05,2026-08-05 23:00:00-04:00,2026-08-05 23:30:00-04:00,2026-08-06 00:00:00-04:00,bullish,29608.75,29535.0,29571.875,29584.75,29522.75,29581.75,29608.75,2026-08-06 10:11:00-04:00,True,2026-08-06 17:00:00-04:00,2026-08-06 17:00:00-04:00
30,2026-08-05,2026-08-06 00:00:00-04:00,2026-08-06 00:30:00-04:00,2026-08-06 01:00:00-04:00,bearish,29597.75,29535.25,29566.5,29600.5,29543.5,29575.0,29535.25,2026-08-06 02:06:00-04:00,True,2026-08-06 17:00:00-04:00,2026-08-06 17:00:00-04:00
30,2026-08-05,2026-08-06 01:00:00-04:00,2026-08-06 01:30:00-04:00,2026-08-06 02:00:00-04:00,bullish,29596.0,29557.75,29576.875,29584.25,29544.25,29580.25,29596.0,2026-08-06 10:10:00-04:00,True,2026-08-06 17:00:00-04:00,2026-08-06 17:00:00-04:00
30,2026-08-05,2026-08-06 01:30:00-04:00,2026-08-06 02:00:00-04:00,2026-08-06 02:30:00-04:00,bullish,29584.25,29544.25,29564.25,29581.5,29484.0,29547.0,29584.25,2026-08-06 10:09:00-04:00,True,2026-08-06 17:00:00-04:00,2026-08-06 17:00:00-04:00
30,2026-08-05,2026-08-06 02:30:00-04:00,2026-08-06 03:00:00-04:00,2026-08-06 03:30:00-04:00,bearish,29548.75,29486.25,29517.5,29564.0,29506.0,29536.75,29486.25,2026-08-06 04:02:00-04:00,True,2026-08-06 17:00:00-04:00,2026-08-06 17:00:00-04:00
30,2026-08-05,2026-08-06 03:00:00-04:00,2026-08-06 03:30:00-04:00,2026-08-06 04:00:00-04:00,bullish,29564.0,29506.0,29535.0,29542.25,29500.0,29506.25,29564.0,2026-08-06 10:07:00-04:00,True,2026-08-06 17:00:00-04:00,2026-08-06 17:00:00-04:00
30,2026-08-05,2026-08-06 03:30:00-04:00,2026-08-06 04:00:00-04:00,2026-08-06 04:30:00-04:00,bullish,29542.25,29500.0,29521.125,29525.5,29444.25,29508.0,29542.25,2026-08-06 09:51:00-04:00,True,2026-08-06 17:00:00-04:00,2026-08-06 17:00:00-04:00
30,2026-08-05,2026-08-06 04:00:00-04:00,2026-08-06 04:30:00-04:00,2026-08-06 05:00:00-04:00,bearish,29525.5,29444.25,29484.875,29532.75,29489.75,29517.25,29444.25,2026-08-06 05:10:00-04:00,True,2026-08-06 17:00:00-04:00,2026-08-06 17:00:00-04:00
30,2026-08-05,2026-08-06 05:30:00-04:00,2026-08-06 06:00:00-04:00,2026-08-06 06:30:00-04:00,bearish,29531.0,29475.25,29503.125,29537.5,29492.75,29517.5,29475.25,2026-08-06 06:41:00-04:00,True,2026-08-06 17:00:00-04:00,2026-08-06 17:00:00-04:00
30,2026-08-05,2026-08-06 06:30:00-04:00,2026-08-06 07:00:00-04:00,2026-08-06 07:30:00-04:00,bullish,29519.5,29466.25,29492.875,29488.25,29364.75,29469.0,29519.5,2026-08-06 09:48:00-04:00,True,2026-08-06 17:00:00-04:00,2026-08-06 17:00:00-04:00
30,2026-08-05,2026-08-06 07:00:00-04:00,2026-08-06 07:30:00-04:00,2026-08-06 08:00:00-04:00,bearish,29488.25,29364.75,29426.5,29516.0,29439.25,29466.25,29364.75,2026-08-06 09:07:00-04:00,True,2026-08-06 17:00:00-04:00,2026-08-06 17:00:00-04:00
30,2026-08-05,2026-08-06 10:30:00-04:00,2026-08-06 11:00:00-04:00,2026-08-06 11:30:00-04:00,bearish,29658.75,29532.75,29595.75,29686.25,29564.0,29607.75,29532.75,2026-08-06 11:45:00-04:00,True,2026-08-06 17:00:00-04:00,2026-08-06 17:00:00-04:00
30,2026-08-05,2026-08-06 12:30:00-04:00,2026-08-06 13:00:00-04:00,2026-08-06 13:30:00-04:00,bearish,29558.25,29461.0,29509.625,29574.25,29512.25,29528.0,29461.0,,False,2026-08-06 17:00:00-04:00,2026-08-06 17:00:00-04:00
30,2026-08-05,2026-08-06 13:00:00-04:00,2026-08-06 13:30:00-04:00,2026-08-06 14:00:00-04:00,bullish,29574.25,29512.25,29543.25,29543.0,29493.25,29529.25,29574.25,2026-08-06 14:22:00-04:00,True,2026-08-06 17:00:00-04:00,2026-08-06 17:00:00-04:00
30,2026-08-05,2026-08-06 15:00:00-04:00,2026-08-06 15:30:00-04:00,2026-08-06 16:00:00-04:00,bullish,29570.75,29496.0,29533.375,29546.0,29475.0,29497.25,29570.75,,False,2026-08-06 17:00:00-04:00,2026-08-06 17:00:00-04:00
30,2026-08-05,2026-08-06 15:30:00-04:00,2026-08-06 16:00:00-04:00,2026-08-06 16:30:00-04:00,bearish,29546.0,29475.0,29510.5,29551.5,29482.75,29493.5,29475.0,,False,2026-08-06 17:00:00-04:00,2026-08-06 17:00:00-04:00
30,2026-08-06,2026-08-06 19:00:00-04:00,2026-08-06 19:30:00-04:00,2026-08-06 20:00:00-04:00,bearish,29597.5,29553.75,29575.625,29604.0,29562.25,29595.25,29553.75,2026-08-06 20:15:00-04:00,True,2026-08-07 17:00:00-04:00,2026-08-07 17:00:00-04:00
30,2026-08-06,2026-08-06 21:30:00-04:00,2026-08-06 22:00:00-04:00,2026-08-06 22:30:00-04:00,bullish,29581.5,29493.75,29537.625,29548.5,29489.25,29526.0,29581.5,2026-08-07 02:29:00-04:00,True,2026-08-07 17:00:00-04:00,2026-08-07 17:00:00-04:00
30,2026-08-06,2026-08-06 22:00:00-04:00,2026-08-06 22:30:00-04:00,2026-08-06 23:00:00-04:00,bullish,29548.5,29489.25,29518.875,29535.75,29476.0,29525.75,29548.5,2026-08-06 23:08:00-04:00,True,2026-08-07 17:00:00-04:00,2026-08-07 17:00:00-04:00
30,2026-08-06,2026-08-06 22:30:00-04:00,2026-08-06 23:00:00-04:00,2026-08-06 23:30:00-04:00,bearish,29535.75,29476.0,29505.875,29549.25,29490.0,29503.75,29476.0,2026-08-07 00:13:00-04:00,True,2026-08-07 17:00:00-04:00,2026-08-07 17:00:00-04:00
30,2026-08-06,2026-08-06 23:30:00-04:00,2026-08-07 00:00:00-04:00,2026-08-07 00:30:00-04:00,bullish,29522.75,29485.5,29504.125,29517.25,29455.0,29508.0,29522.75,2026-08-07 00:30:00-04:00,True,2026-08-07 17:00:00-04:00,2026-08-07 17:00:00-04:00
30,2026-08-06,2026-08-07 00:00:00-04:00,2026-08-07 00:30:00-04:00,2026-08-07 01:00:00-04:00,bearish,29517.25,29455.0,29486.125,29525.75,29488.75,29509.5,29455.0,,False,2026-08-07 17:00:00-04:00,2026-08-07 17:00:00-04:00
30,2026-08-06,2026-08-07 04:30:00-04:00,2026-08-07 05:00:00-04:00,2026-08-07 05:30:00-04:00,bearish,29647.5,29609.0,29628.25,29650.5,29623.75,29634.5,29609.0,2026-08-07 06:14:00-04:00,True,2026-08-07 17:00:00-04:00,2026-08-07 17:00:00-04:00
30,2026-08-06,2026-08-07 05:30:00-04:00,2026-08-07 06:00:00-04:00,2026-08-07 06:30:00-04:00,bullish,29647.25,29615.75,29631.5,29629.75,29592.25,29621.25,29647.25,2026-08-07 07:13:00-04:00,True,2026-08-07 17:00:00-04:00,2026-08-07 17:00:00-04:00
30,2026-08-06,2026-08-07 07:00:00-04:00,2026-08-07 07:30:00-04:00,2026-08-07 08:00:00-04:00,bearish,29662.0,29606.25,29634.125,29669.75,29612.0,29613.75,29606.25,2026-08-07 08:00:00-04:00,True,2026-08-07 17:00:00-04:00,2026-08-07 17:00:00-04:00
30,2026-08-06,2026-08-07 09:30:00-04:00,2026-08-07 10:00:00-04:00,2026-08-07 10:30:00-04:00,bullish,29821.75,29644.25,29733.0,29779.0,29564.25,29761.0,29821.75,2026-08-07 11:26:00-04:00,True,2026-08-07 17:00:00-04:00,2026-08-07 17:00:00-04:00
30,2026-08-06,2026-08-07 11:00:00-04:00,2026-08-07 11:30:00-04:00,2026-08-07 12:00:00-04:00,bearish,29828.75,29708.75,29768.75,29855.0,29793.75,29814.25,29708.75,2026-08-07 12:26:00-04:00,True,2026-08-07 17:00:00-04:00,2026-08-07 17:00:00-04:00
30,2026-08-06,2026-08-07 12:00:00-04:00,2026-08-07 12:30:00-04:00,2026-08-07 13:00:00-04:00,bullish,29830.25,29689.0,29759.625,29780.75,29669.0,29739.75,29830.25,2026-08-07 15:54:00-04:00,True,2026-08-07 17:00:00-04:00,2026-08-07 17:00:00-04:00
30,2026-08-06,2026-08-07 14:00:00-04:00,2026-08-07 14:30:00-04:00,2026-08-07 15:00:00-04:00,bullish,29754.75,29702.75,29728.75,29731.0,29676.75,29725.25,29754.75,2026-08-07 15:01:00-04:00,True,2026-08-07 17:00:00-04:00,2026-08-07 17:00:00-04:00
30,2026-08-09,2026-08-09 20:00:00-04:00,2026-08-09 20:30:00-04:00,2026-08-09 21:00:00-04:00,bullish,29906.5,29797.75,29852.125,29865.5,29788.0,29803.0,29906.5,2026-08-10 01:05:00-04:00,True,2026-08-10 17:00:00-04:00,2026-08-10 17:00:00-04:00
30,2026-08-09,2026-08-09 20:30:00-04:00,2026-08-09 21:00:00-04:00,2026-08-09 21:30:00-04:00,bearish,29865.5,29788.0,29826.75,29884.5,29791.5,29864.25,29788.0,2026-08-10 08:36:00-04:00,True,2026-08-10 17:00:00-04:00,2026-08-10 17:00:00-04:00
30,2026-08-09,2026-08-09 21:30:00-04:00,2026-08-09 22:00:00-04:00,2026-08-09 22:30:00-04:00,bearish,29895.0,29841.25,29868.125,29895.25,29852.25,29870.0,29841.25,2026-08-10 08:16:00-04:00,True,2026-08-10 17:00:00-04:00,2026-08-10 17:00:00-04:00
30,2026-08-09,2026-08-09 23:00:00-04:00,2026-08-09 23:30:00-04:00,2026-08-10 00:00:00-04:00,bearish,29892.0,29868.5,29880.25,29899.0,29870.5,29878.5,29868.5,2026-08-10 00:40:00-04:00,True,2026-08-10 17:00:00-04:00,2026-08-10 17:00:00-04:00
30,2026-08-09,2026-08-10 00:00:00-04:00,2026-08-10 00:30:00-04:00,2026-08-10 01:00:00-04:00,bullish,29904.0,29872.0,29888.0,29902.0,29863.75,29882.25,29904.0,2026-08-10 01:05:00-04:00,True,2026-08-10 17:00:00-04:00,2026-08-10 17:00:00-04:00
30,2026-08-09,2026-08-10 01:30:00-04:00,2026-08-10 02:00:00-04:00,2026-08-10 02:30:00-04:00,bearish,29930.5,29899.25,29914.875,29963.75,29907.75,29914.25,29899.25,2026-08-10 03:10:00-04:00,True,2026-08-10 17:00:00-04:00,2026-08-10 17:00:00-04:00
30,2026-08-09,2026-08-10 02:00:00-04:00,2026-08-10 02:30:00-04:00,2026-08-10 03:00:00-04:00,bullish,29963.75,29907.75,29935.75,29925.0,29904.25,29908.75,29963.75,2026-08-10 03:36:00-04:00,True,2026-08-10 17:00:00-04:00,2026-08-10 17:00:00-04:00
30,2026-08-09,2026-08-10 03:00:00-04:00,2026-08-10 03:30:00-04:00,2026-08-10 04:00:00-04:00,bearish,29953.25,29886.75,29920.0,29985.0,29935.75,29952.75,29886.75,2026-08-10 07:01:00-04:00,True,2026-08-10 17:00:00-04:00,2026-08-10 17:00:00-04:00
30,2026-08-09,2026-08-10 04:30:00-04:00,2026-08-10 05:00:00-04:00,2026-08-10 05:30:00-04:00,bearish,29975.75,29943.75,29959.75,29984.25,29963.0,29968.5,29943.75,2026-08-10 05:39:00-04:00,True,2026-08-10 17:00:00-04:00,2026-08-10 17:00:00-04:00
30,2026-08-09,2026-08-10 05:30:00-04:00,2026-08-10 06:00:00-04:00,2026-08-10 06:30:00-04:00,bullish,29971.75,29936.0,29953.875,29959.25,29915.25,29945.5,29971.75,,False,2026-08-10 17:00:00-04:00,2026-08-10 17:00:00-04:00
30,2026-08-09,2026-08-10 07:00:00-04:00,2026-08-10 07:30:00-04:00,2026-08-10 08:00:00-04:00,bullish,29926.25,29851.75,29889.0,29915.0,29845.25,29871.0,29926.25,,False,2026-08-10 17:00:00-04:00,2026-08-10 17:00:00-04:00
30,2026-08-09,2026-08-10 10:30:00-04:00,2026-08-10 11:00:00-04:00,2026-08-10 11:30:00-04:00,bullish,29893.0,29776.75,29834.875,29823.5,29753.5,29777.75,29893.0,,False,2026-08-10 17:00:00-04:00,2026-08-10 17:00:00-04:00
30,2026-08-09,2026-08-10 11:30:00-04:00,2026-08-10 12:00:00-04:00,2026-08-10 12:30:00-04:00,bearish,29855.0,29741.25,29798.125,29858.75,29803.75,29810.0,29741.25,2026-08-10 12:43:00-04:00,True,2026-08-10 17:00:00-04:00,2026-08-10 17:00:00-04:00
30,2026-08-09,2026-08-10 13:30:00-04:00,2026-08-10 14:00:00-04:00,2026-08-10 14:30:00-04:00,bullish,29797.5,29744.25,29770.875,29772.25,29742.25,29746.75,29797.5,,False,2026-08-10 17:00:00-04:00,2026-08-10 17:00:00-04:00
30,2026-08-09,2026-08-10 14:30:00-04:00,2026-08-10 15:00:00-04:00,2026-08-10 15:30:00-04:00,bearish,29784.75,29742.25,29763.5,29796.5,29775.5,29781.75,29742.25,2026-08-10 15:51:00-04:00,True,2026-08-10 17:00:00-04:00,2026-08-10 17:00:00-04:00
30,2026-08-10,2026-08-10 19:00:00-04:00,2026-08-10 19:30:00-04:00,2026-08-10 20:00:00-04:00,bullish,29734.75,29702.5,29718.625,29726.5,29677.75,29703.5,29734.75,2026-08-10 20:11:00-04:00,True,2026-08-11 17:00:00-04:00,2026-08-11 17:00:00-04:00
30,2026-08-10,2026-08-10 21:00:00-04:00,2026-08-10 21:30:00-04:00,2026-08-10 22:00:00-04:00,bearish,29839.75,29764.25,29802.0,29842.75,29810.0,29818.5,29764.25,2026-08-11 02:31:00-04:00,True,2026-08-11 17:00:00-04:00,2026-08-11 17:00:00-04:00
30,2026-08-10,2026-08-10 22:00:00-04:00,2026-08-10 22:30:00-04:00,2026-08-10 23:00:00-04:00,bearish,29830.75,29812.0,29821.375,29846.25,29815.0,29818.75,29812.0,2026-08-11 01:30:00-04:00,True,2026-08-11 17:00:00-04:00,2026-08-11 17:00:00-04:00
30,2026-08-10,2026-08-11 00:00:00-04:00,2026-08-11 00:30:00-04:00,2026-08-11 01:00:00-04:00,bearish,29854.75,29832.25,29843.5,29862.0,29833.75,29839.25,29832.25,2026-08-11 01:05:00-04:00,True,2026-08-11 17:00:00-04:00,2026-08-11 17:00:00-04:00
30,2026-08-10,2026-08-11 02:30:00-04:00,2026-08-11 03:00:00-04:00,2026-08-11 03:30:00-04:00,bullish,29789.5,29732.25,29760.875,29770.5,29726.0,29743.75,29789.5,2026-08-11 04:02:00-04:00,True,2026-08-11 17:00:00-04:00,2026-08-11 17:00:00-04:00
30,2026-08-10,2026-08-11 04:00:00-04:00,2026-08-11 04:30:00-04:00,2026-08-11 05:00:00-04:00,bullish,29805.5,29718.0,29761.75,29763.75,29717.5,29749.0,29805.5,2026-08-11 06:24:00-04:00,True,2026-08-11 17:00:00-04:00,2026-08-11 17:00:00-04:00
30,2026-08-10,2026-08-11 04:30:00-04:00,2026-08-11 05:00:00-04:00,2026-08-11 05:30:00-04:00,bearish,29763.75,29717.5,29740.625,29765.75,29718.5,29759.25,29717.5,2026-08-11 09:35:00-04:00,True,2026-08-11 17:00:00-04:00,2026-08-11 17:00:00-04:00
30,2026-08-10,2026-08-11 07:00:00-04:00,2026-08-11 07:30:00-04:00,2026-08-11 08:00:00-04:00,bullish,29887.0,29817.25,29852.125,29836.75,29810.5,29832.5,29887.0,,False,2026-08-11 17:00:00-04:00,2026-08-11 17:00:00-04:00
30,2026-08-10,2026-08-11 07:30:00-04:00,2026-08-11 08:00:00-04:00,2026-08-11 08:30:00-04:00,bearish,29836.75,29810.5,29823.625,29871.5,29819.0,29829.0,29810.5,2026-08-11 09:30:00-04:00,True,2026-08-11 17:00:00-04:00,2026-08-11 17:00:00-04:00
30,2026-08-10,2026-08-11 08:30:00-04:00,2026-08-11 09:00:00-04:00,2026-08-11 09:30:00-04:00,bullish,29857.5,29819.75,29838.625,29852.0,29813.0,29839.75,29857.5,,False,2026-08-11 17:00:00-04:00,2026-08-11 17:00:00-04:00
30,2026-08-10,2026-08-11 10:00:00-04:00,2026-08-11 10:30:00-04:00,2026-08-11 11:00:00-04:00,bearish,29793.0,29718.25,29755.625,29805.0,29723.25,29776.25,29718.25,2026-08-11 11:08:00-04:00,True,2026-08-11 17:00:00-04:00,2026-08-11 17:00:00-04:00
30,2026-08-10,2026-08-11 12:00:00-04:00,2026-08-11 12:30:00-04:00,2026-08-11 13:00:00-04:00,bullish,29682.0,29622.0,29652.0,29665.5,29616.0,29625.75,29682.0,,False,2026-08-11 17:00:00-04:00,2026-08-11 17:00:00-04:00
30,2026-08-10,2026-08-11 13:00:00-04:00,2026-08-11 13:30:00-04:00,2026-08-11 14:00:00-04:00,bearish,29634.75,29573.0,29603.875,29641.0,29599.0,29629.0,29573.0,2026-08-11 14:27:00-04:00,True,2026-08-11 17:00:00-04:00,2026-08-11 17:00:00-04:00
30,2026-08-11,2026-08-11 18:00:00-04:00,2026-08-11 18:30:00-04:00,2026-08-11 19:00:00-04:00,bearish,29664.0,29628.5,29646.25,29667.25,29633.75,29649.75,29628.5,2026-08-11 20:01:00-04:00,True,2026-08-12 17:00:00-04:00,2026-08-12 17:00:00-04:00
30,2026-08-11,2026-08-11 20:00:00-04:00,2026-08-11 20:30:00-04:00,2026-08-11 21:00:00-04:00,bearish,29676.0,29625.0,29650.5,29681.5,29652.5,29667.5,29625.0,,False,2026-08-12 17:00:00-04:00,2026-08-12 17:00:00-04:00
30,2026-08-11,2026-08-11 20:30:00-04:00,2026-08-11 21:00:00-04:00,2026-08-11 21:30:00-04:00,bullish,29681.5,29652.5,29667.0,29681.0,29639.0,29663.0,29681.5,2026-08-11 21:50:00-04:00,True,2026-08-12 17:00:00-04:00,2026-08-12 17:00:00-04:00
30,2026-08-11,2026-08-11 21:00:00-04:00,2026-08-11 21:30:00-04:00,2026-08-11 22:00:00-04:00,bearish,29681.0,29639.0,29660.0,29684.75,29645.25,29658.5,29639.0,,False,2026-08-12 17:00:00-04:00,2026-08-12 17:00:00-04:00
30,2026-08-11,2026-08-11 22:30:00-04:00,2026-08-11 23:00:00-04:00,2026-08-11 23:30:00-04:00,bearish,29703.75,29675.25,29689.5,29710.5,29694.0,29702.75,29675.25,2026-08-12 01:20:00-04:00,True,2026-08-12 17:00:00-04:00,2026-08-12 17:00:00-04:00
30,2026-08-11,2026-08-11 23:00:00-04:00,2026-08-11 23:30:00-04:00,2026-08-12 00:00:00-04:00,bullish,29710.5,29694.0,29702.25,29705.0,29684.0,29694.5,29710.5,2026-08-12 00:48:00-04:00,True,2026-08-12 17:00:00-04:00,2026-08-12 17:00:00-04:00
30,2026-08-11,2026-08-12 00:30:00-04:00,2026-08-12 01:00:00-04:00,2026-08-12 01:30:00-04:00,bullish,29716.75,29683.0,29699.875,29714.5,29668.0,29688.25,29716.75,2026-08-12 01:55:00-04:00,True,2026-08-12 17:00:00-04:00,2026-08-12 17:00:00-04:00
30,2026-08-11,2026-08-12 01:30:00-04:00,2026-08-12 02:00:00-04:00,2026-08-12 02:30:00-04:00,bearish,29718.5,29686.5,29702.5,29724.5,29697.75,29709.75,29686.5,,False,2026-08-12 17:00:00-04:00,2026-08-12 17:00:00-04:00
30,2026-08-11,2026-08-12 06:00:00-04:00,2026-08-12 06:30:00-04:00,2026-08-12 07:00:00-04:00,bullish,29845.25,29814.5,29829.875,29844.0,29782.25,29815.5,29845.25,2026-08-12 07:59:00-04:00,True,2026-08-12 17:00:00-04:00,2026-08-12 17:00:00-04:00
30,2026-08-11,2026-08-12 09:30:00-04:00,2026-08-12 10:00:00-04:00,2026-08-12 10:30:00-04:00,bullish,30001.5,29853.25,29927.375,29946.25,29848.25,29916.5,30001.5,,False,2026-08-12 17:00:00-04:00,2026-08-12 17:00:00-04:00
30,2026-08-11,2026-08-12 10:00:00-04:00,2026-08-12 10:30:00-04:00,2026-08-12 11:00:00-04:00,bullish,29946.25,29848.25,29897.25,29931.75,29835.75,29867.25,29946.25,,False,2026-08-12 17:00:00-04:00,2026-08-12 17:00:00-04:00
30,2026-08-11,2026-08-12 11:30:00-04:00,2026-08-12 12:00:00-04:00,2026-08-12 12:30:00-04:00,bearish,29880.0,29818.75,29849.375,29888.0,29829.0,29873.5,29818.75,2026-08-12 16:26:00-04:00,True,2026-08-12 17:00:00-04:00,2026-08-12 17:00:00-04:00
30,2026-08-11,2026-08-12 12:30:00-04:00,2026-08-12 13:00:00-04:00,2026-08-12 13:30:00-04:00,bearish,29917.5,29850.75,29884.125,29924.5,29888.25,29910.0,29850.75,2026-08-12 15:38:00-04:00,True,2026-08-12 17:00:00-04:00,2026-08-12 17:00:00-04:00
30,2026-08-12,2026-08-12 18:00:00-04:00,2026-08-12 18:30:00-04:00,2026-08-12 19:00:00-04:00,bullish,29832.75,29784.0,29808.375,29804.0,29780.5,29797.25,29832.75,2026-08-12 20:01:00-04:00,True,2026-08-13 17:00:00-04:00,2026-08-13 17:00:00-04:00
30,2026-08-12,2026-08-12 19:00:00-04:00,2026-08-12 19:30:00-04:00,2026-08-12 20:00:00-04:00,bullish,29817.25,29796.25,29806.75,29816.25,29792.5,29805.25,29817.25,2026-08-12 20:00:00-04:00,True,2026-08-13 17:00:00-04:00,2026-08-13 17:00:00-04:00
30,2026-08-12,2026-08-12 21:30:00-04:00,2026-08-12 22:00:00-04:00,2026-08-12 22:30:00-04:00,bearish,29865.75,29813.75,29839.75,29872.0,29853.75,29861.75,29813.75,2026-08-13 08:19:00-04:00,True,2026-08-13 17:00:00-04:00,2026-08-13 17:00:00-04:00
30,2026-08-12,2026-08-12 22:30:00-04:00,2026-08-12 23:00:00-04:00,2026-08-12 23:30:00-04:00,bearish,29877.75,29831.0,29854.375,29879.5,29865.5,29874.0,29831.0,2026-08-13 04:03:00-04:00,True,2026-08-13 17:00:00-04:00,2026-08-13 17:00:00-04:00
30,2026-08-12,2026-08-12 23:00:00-04:00,2026-08-12 23:30:00-04:00,2026-08-13 00:00:00-04:00,bearish,29879.5,29865.5,29872.5,29881.0,29865.5,29878.25,29865.5,2026-08-13 00:20:00-04:00,True,2026-08-13 17:00:00-04:00,2026-08-13 17:00:00-04:00
30,2026-08-12,2026-08-13 00:00:00-04:00,2026-08-13 00:30:00-04:00,2026-08-13 01:00:00-04:00,bearish,29892.25,29854.0,29873.125,29895.75,29873.0,29878.5,29854.0,2026-08-13 03:04:00-04:00,True,2026-08-13 17:00:00-04:00,2026-08-13 17:00:00-04:00
30,2026-08-12,2026-08-13 01:00:00-04:00,2026-08-13 01:30:00-04:00,2026-08-13 02:00:00-04:00,bearish,29922.5,29874.0,29898.25,29924.25,29882.5,29883.75,29874.0,2026-08-13 02:01:00-04:00,True,2026-08-13 17:00:00-04:00,2026-08-13 17:00:00-04:00
30,2026-08-12,2026-08-13 01:30:00-04:00,2026-08-13 02:00:00-04:00,2026-08-13 02:30:00-04:00,bullish,29924.25,29882.5,29903.375,29905.75,29868.5,29897.5,29924.25,2026-08-13 09:34:00-04:00,True,2026-08-13 17:00:00-04:00,2026-08-13 17:00:00-04:00
30,2026-08-12,2026-08-13 02:00:00-04:00,2026-08-13 02:30:00-04:00,2026-08-13 03:00:00-04:00,bullish,29905.75,29868.5,29887.125,29905.5,29858.5,29888.25,29905.75,2026-08-13 09:04:00-04:00,True,2026-08-13 17:00:00-04:00,2026-08-13 17:00:00-04:00
30,2026-08-12,2026-08-13 02:30:00-04:00,2026-08-13 03:00:00-04:00,2026-08-13 03:30:00-04:00,bullish,29905.5,29858.5,29882.0,29893.5,29843.75,29871.0,29905.5,2026-08-13 09:04:00-04:00,True,2026-08-13 17:00:00-04:00,2026-08-13 17:00:00-04:00
30,2026-08-12,2026-08-13 03:30:00-04:00,2026-08-13 04:00:00-04:00,2026-08-13 04:30:00-04:00,bullish,29882.0,29858.0,29870.0,29872.0,29827.5,29858.5,29882.0,2026-08-13 06:22:00-04:00,True,2026-08-13 17:00:00-04:00,2026-08-13 17:00:00-04:00
30,2026-08-12,2026-08-13 04:00:00-04:00,2026-08-13 04:30:00-04:00,2026-08-13 05:00:00-04:00,bearish,29872.0,29827.5,29849.75,29875.25,29846.0,29861.5,29827.5,2026-08-13 05:15:00-04:00,True,2026-08-13 17:00:00-04:00,2026-08-13 17:00:00-04:00
30,2026-08-12,2026-08-13 05:30:00-04:00,2026-08-13 06:00:00-04:00,2026-08-13 06:30:00-04:00,bearish,29879.75,29836.25,29858.0,29884.5,29863.0,29872.5,29836.25,2026-08-13 08:10:00-04:00,True,2026-08-13 17:00:00-04:00,2026-08-13 17:00:00-04:00
30,2026-08-12,2026-08-13 06:00:00-04:00,2026-08-13 06:30:00-04:00,2026-08-13 07:00:00-04:00,bearish,29884.5,29863.0,29873.75,29886.25,29868.25,29880.5,29863.0,2026-08-13 07:18:00-04:00,True,2026-08-13 17:00:00-04:00,2026-08-13 17:00:00-04:00
30,2026-08-12,2026-08-13 07:00:00-04:00,2026-08-13 07:30:00-04:00,2026-08-13 08:00:00-04:00,bearish,29892.25,29855.25,29873.75,29895.0,29856.75,29869.0,29855.25,2026-08-13 08:01:00-04:00,True,2026-08-13 17:00:00-04:00,2026-08-13 17:00:00-04:00
30,2026-08-12,2026-08-13 10:00:00-04:00,2026-08-13 10:30:00-04:00,2026-08-13 11:00:00-04:00,bearish,30237.75,30155.75,30196.75,30267.0,30197.75,30199.5,30155.75,2026-08-13 11:34:00-04:00,True,2026-08-13 17:00:00-04:00,2026-08-13 17:00:00-04:00
30,2026-08-12,2026-08-13 14:30:00-04:00,2026-08-13 15:00:00-04:00,2026-08-13 15:30:00-04:00,bearish,30246.0,30191.5,30218.75,30273.25,30214.75,30222.75,30191.5,2026-08-13 15:50:00-04:00,True,2026-08-13 17:00:00-04:00,2026-08-13 17:00:00-04:00
30,2026-08-12,2026-08-13 15:30:00-04:00,2026-08-13 16:00:00-04:00,2026-08-13 16:30:00-04:00,bullish,30227.75,30173.5,30200.625,30219.5,30141.0,30198.5,30227.75,,False,2026-08-13 17:00:00-04:00,2026-08-13 17:00:00-04:00
30,2026-08-13,2026-08-13 19:00:00-04:00,2026-08-13 19:30:00-04:00,2026-08-13 20:00:00-04:00,bullish,30227.25,30192.25,30209.75,30205.25,30188.75,30203.25,30227.25,2026-08-13 20:02:00-04:00,True,2026-08-14 17:00:00-04:00,2026-08-14 17:00:00-04:00
30,2026-08-13,2026-08-13 21:30:00-04:00,2026-08-13 22:00:00-04:00,2026-08-13 22:30:00-04:00,bearish,30168.5,30140.5,30154.5,30173.25,30149.0,30168.0,30140.5,2026-08-14 00:35:00-04:00,True,2026-08-14 17:00:00-04:00,2026-08-14 17:00:00-04:00
30,2026-08-13,2026-08-13 22:00:00-04:00,2026-08-13 22:30:00-04:00,2026-08-13 23:00:00-04:00,bearish,30173.25,30149.0,30161.125,30181.0,30149.0,30154.25,30149.0,2026-08-14 00:01:00-04:00,True,2026-08-14 17:00:00-04:00,2026-08-14 17:00:00-04:00
30,2026-08-13,2026-08-13 23:00:00-04:00,2026-08-13 23:30:00-04:00,2026-08-14 00:00:00-04:00,bearish,30180.75,30150.75,30165.75,30188.25,30151.75,30152.25,30150.75,2026-08-14 00:00:00-04:00,True,2026-08-14 17:00:00-04:00,2026-08-14 17:00:00-04:00
30,2026-08-13,2026-08-13 23:30:00-04:00,2026-08-14 00:00:00-04:00,2026-08-14 00:30:00-04:00,bullish,30188.25,30151.75,30170.0,30165.5,30144.25,30157.75,30188.25,2026-08-14 03:03:00-04:00,True,2026-08-14 17:00:00-04:00,2026-08-14 17:00:00-04:00
30,2026-08-13,2026-08-14 00:00:00-04:00,2026-08-14 00:30:00-04:00,2026-08-14 01:00:00-04:00,bullish,30165.5,30144.25,30154.875,30164.0,30136.5,30147.25,30165.5,2026-08-14 01:44:00-04:00,True,2026-08-14 17:00:00-04:00,2026-08-14 17:00:00-04:00
30,2026-08-13,2026-08-14 00:30:00-04:00,2026-08-14 01:00:00-04:00,2026-08-14 01:30:00-04:00,bullish,30164.0,30136.5,30150.25,30153.75,30128.0,30149.75,30164.0,2026-08-14 01:35:00-04:00,True,2026-08-14 17:00:00-04:00,2026-08-14 17:00:00-04:00
30,2026-08-13,2026-08-14 02:30:00-04:00,2026-08-14 03:00:00-04:00,2026-08-14 03:30:00-04:00,bearish,30177.5,30149.25,30163.375,30194.5,30171.0,30176.75,30149.25,2026-08-14 10:24:00-04:00,True,2026-08-14 17:00:00-04:00,2026-08-14 17:00:00-04:00
30,2026-08-13,2026-08-14 04:00:00-04:00,2026-08-14 04:30:00-04:00,2026-08-14 05:00:00-04:00,bearish,30235.0,30187.0,30211.0,30244.5,30220.5,30221.75,30187.0,2026-08-14 09:36:00-04:00,True,2026-08-14 17:00:00-04:00,2026-08-14 17:00:00-04:00
30,2026-08-13,2026-08-14 04:30:00-04:00,2026-08-14 05:00:00-04:00,2026-08-14 05:30:00-04:00,bullish,30244.5,30220.5,30232.5,30232.75,30210.25,30226.5,30244.5,2026-08-14 06:04:00-04:00,True,2026-08-14 17:00:00-04:00,2026-08-14 17:00:00-04:00
30,2026-08-13,2026-08-14 05:30:00-04:00,2026-08-14 06:00:00-04:00,2026-08-14 06:30:00-04:00,bearish,30236.5,30206.0,30221.25,30250.0,30222.5,30229.0,30206.0,2026-08-14 09:34:00-04:00,True,2026-08-14 17:00:00-04:00,2026-08-14 17:00:00-04:00
30,2026-08-13,2026-08-14 06:30:00-04:00,2026-08-14 07:00:00-04:00,2026-08-14 07:30:00-04:00,bearish,30252.5,30223.5,30238.0,30262.25,30241.75,30247.5,30223.5,2026-08-14 08:13:00-04:00,True,2026-08-14 17:00:00-04:00,2026-08-14 17:00:00-04:00
30,2026-08-13,2026-08-14 11:00:00-04:00,2026-08-14 11:30:00-04:00,2026-08-14 12:00:00-04:00,bullish,30145.0,30032.5,30088.75,30074.5,30025.0,30066.0,30145.0,2026-08-14 15:59:00-04:00,True,2026-08-14 17:00:00-04:00,2026-08-14 17:00:00-04:00
30,2026-08-13,2026-08-14 12:30:00-04:00,2026-08-14 13:00:00-04:00,2026-08-14 13:30:00-04:00,bullish,30102.25,30054.25,30078.25,30079.75,30047.0,30059.75,30102.25,2026-08-14 14:52:00-04:00,True,2026-08-14 17:00:00-04:00,2026-08-14 17:00:00-04:00
30,2026-08-13,2026-08-14 13:30:00-04:00,2026-08-14 14:00:00-04:00,2026-08-14 14:30:00-04:00,bearish,30084.5,30050.0,30067.25,30093.5,30065.0,30067.25,30050.0,,False,2026-08-14 17:00:00-04:00,2026-08-14 17:00:00-04:00
30,2026-08-13,2026-08-14 15:30:00-04:00,2026-08-14 16:00:00-04:00,2026-08-14 16:30:00-04:00,bearish,30148.0,30091.25,30119.625,30153.0,30126.5,30131.25,30091.25,,False,2026-08-14 17:00:00-04:00,2026-08-14 17:00:00-04:00
30,2026-08-16,2026-08-16 19:30:00-04:00,2026-08-16 20:00:00-04:00,2026-08-16 20:30:00-04:00,bullish,30228.0,30193.0,30210.5,30227.25,30189.5,30195.5,30228.0,2026-08-16 21:05:00-04:00,True,2026-08-17 17:00:00-04:00,2026-08-17 17:00:00-04:00
30,2026-08-16,2026-08-16 20:00:00-04:00,2026-08-16 20:30:00-04:00,2026-08-16 21:00:00-04:00,bullish,30227.25,30189.5,30208.375,30203.0,30185.25,30201.25,30227.25,2026-08-16 21:04:00-04:00,True,2026-08-17 17:00:00-04:00,2026-08-17 17:00:00-04:00
30,2026-08-16,2026-08-16 21:30:00-04:00,2026-08-16 22:00:00-04:00,2026-08-16 22:30:00-04:00,bullish,30232.75,30186.5,30209.625,30222.25,30185.75,30216.5,30232.75,2026-08-16 23:09:00-04:00,True,2026-08-17 17:00:00-04:00,2026-08-17 17:00:00-04:00
30,2026-08-16,2026-08-16 22:00:00-04:00,2026-08-16 22:30:00-04:00,2026-08-16 23:00:00-04:00,bearish,30222.25,30185.75,30204.0,30231.0,30211.25,30221.75,30185.75,2026-08-17 08:43:00-04:00,True,2026-08-17 17:00:00-04:00,2026-08-17 17:00:00-04:00
30,2026-08-16,2026-08-16 23:30:00-04:00,2026-08-17 00:00:00-04:00,2026-08-17 00:30:00-04:00,bearish,30249.0,30225.0,30237.0,30254.75,30240.0,30240.25,30225.0,2026-08-17 08:26:00-04:00,True,2026-08-17 17:00:00-04:00,2026-08-17 17:00:00-04:00
30,2026-08-16,2026-08-17 00:30:00-04:00,2026-08-17 01:00:00-04:00,2026-08-17 01:30:00-04:00,bullish,30248.75,30233.0,30240.875,30247.0,30230.25,30244.25,30248.75,2026-08-17 01:30:00-04:00,True,2026-08-17 17:00:00-04:00,2026-08-17 17:00:00-04:00
30,2026-08-16,2026-08-17 03:30:00-04:00,2026-08-17 04:00:00-04:00,2026-08-17 04:30:00-04:00,bearish,30324.25,30276.75,30300.5,30328.0,30296.25,30315.0,30276.75,2026-08-17 05:22:00-04:00,True,2026-08-17 17:00:00-04:00,2026-08-17 17:00:00-04:00
30,2026-08-16,2026-08-17 04:00:00-04:00,2026-08-17 04:30:00-04:00,2026-08-17 05:00:00-04:00,bullish,30328.0,30296.25,30312.125,30319.5,30283.75,30298.25,30328.0,2026-08-17 06:29:00-04:00,True,2026-08-17 17:00:00-04:00,2026-08-17 17:00:00-04:00
30,2026-08-16,2026-08-17 06:30:00-04:00,2026-08-17 07:00:00-04:00,2026-08-17 07:30:00-04:00,bullish,30338.25,30292.0,30315.125,30325.25,30284.0,30299.25,30338.25,,False,2026-08-17 17:00:00-04:00,2026-08-17 17:00:00-04:00
30,2026-08-16,2026-08-17 09:30:00-04:00,2026-08-17 10:00:00-04:00,2026-08-17 10:30:00-04:00,bullish,30265.75,30165.25,30215.5,30244.25,30156.5,30197.0,30265.75,2026-08-17 11:04:00-04:00,True,2026-08-17 17:00:00-04:00,2026-08-17 17:00:00-04:00
30,2026-08-16,2026-08-17 10:00:00-04:00,2026-08-17 10:30:00-04:00,2026-08-17 11:00:00-04:00,bearish,30244.25,30156.5,30200.375,30246.0,30185.75,30243.5,30156.5,2026-08-17 13:08:00-04:00,True,2026-08-17 17:00:00-04:00,2026-08-17 17:00:00-04:00
30,2026-08-16,2026-08-17 11:00:00-04:00,2026-08-17 11:30:00-04:00,2026-08-17 12:00:00-04:00,bullish,30286.75,30232.5,30259.625,30273.0,30201.25,30239.25,30286.75,,False,2026-08-17 17:00:00-04:00,2026-08-17 17:00:00-04:00
30,2026-08-16,2026-08-17 11:30:00-04:00,2026-08-17 12:00:00-04:00,2026-08-17 12:30:00-04:00,bullish,30273.0,30201.25,30237.125,30243.75,30195.0,30207.0,30273.0,,False,2026-08-17 17:00:00-04:00,2026-08-17 17:00:00-04:00
30,2026-08-16,2026-08-17 13:00:00-04:00,2026-08-17 13:30:00-04:00,2026-08-17 14:00:00-04:00,bullish,30188.0,30093.5,30140.75,30128.5,30086.25,30102.0,30188.0,,False,2026-08-17 17:00:00-04:00,2026-08-17 17:00:00-04:00
30,2026-08-16,2026-08-17 13:30:00-04:00,2026-08-17 14:00:00-04:00,2026-08-17 14:30:00-04:00,bullish,30128.5,30086.25,30107.375,30114.5,30079.0,30103.5,30128.5,2026-08-17 14:51:00-04:00,True,2026-08-17 17:00:00-04:00,2026-08-17 17:00:00-04:00
30,2026-08-16,2026-08-17 14:30:00-04:00,2026-08-17 15:00:00-04:00,2026-08-17 15:30:00-04:00,bullish,30136.5,30092.5,30114.5,30124.25,30082.0,30093.25,30136.5,,False,2026-08-17 17:00:00-04:00,2026-08-17 17:00:00-04:00
30,2026-08-16,2026-08-17 15:00:00-04:00,2026-08-17 15:30:00-04:00,2026-08-17 16:00:00-04:00,bullish,30124.25,30082.0,30103.125,30123.5,30066.5,30091.0,30124.25,,False,2026-08-17 17:00:00-04:00,2026-08-17 17:00:00-04:00
30,2026-08-17,2026-08-17 20:00:00-04:00,2026-08-17 20:30:00-04:00,2026-08-17 21:00:00-04:00,bearish,30114.25,30081.5,30097.875,30124.25,30095.0,30098.5,30081.5,2026-08-17 21:25:00-04:00,True,2026-08-18 17:00:00-04:00,2026-08-18 17:00:00-04:00
30,2026-08-17,2026-08-17 22:30:00-04:00,2026-08-17 23:00:00-04:00,2026-08-17 23:30:00-04:00,bullish,29959.5,29879.25,29919.375,29916.0,29860.0,29879.75,29959.5,,False,2026-08-18 17:00:00-04:00,2026-08-18 17:00:00-04:00
30,2026-08-17,2026-08-17 23:00:00-04:00,2026-08-17 23:30:00-04:00,2026-08-18 00:00:00-04:00,bullish,29916.0,29860.0,29888.0,29915.0,29853.0,29893.0,29916.0,2026-08-18 00:29:00-04:00,True,2026-08-18 17:00:00-04:00,2026-08-18 17:00:00-04:00
30,2026-08-17,2026-08-17 23:30:00-04:00,2026-08-18 00:00:00-04:00,2026-08-18 00:30:00-04:00,bearish,29915.0,29853.0,29884.0,29920.0,29870.0,29911.25,29853.0,2026-08-18 01:58:00-04:00,True,2026-08-18 17:00:00-04:00,2026-08-18 17:00:00-04:00
30,2026-08-17,2026-08-18 00:00:00-04:00,2026-08-18 00:30:00-04:00,2026-08-18 01:00:00-04:00,bearish,29920.0,29870.0,29895.0,29927.75,29891.5,29917.75,29870.0,2026-08-18 01:11:00-04:00,True,2026-08-18 17:00:00-04:00,2026-08-18 17:00:00-04:00
30,2026-08-17,2026-08-18 01:30:00-04:00,2026-08-18 02:00:00-04:00,2026-08-18 02:30:00-04:00,bullish,29881.5,29820.0,29850.75,29866.75,29785.5,29860.0,29881.5,2026-08-18 02:58:00-04:00,True,2026-08-18 17:00:00-04:00,2026-08-18 17:00:00-04:00
30,2026-08-17,2026-08-18 05:00:00-04:00,2026-08-18 05:30:00-04:00,2026-08-18 06:00:00-04:00,bullish,29778.5,29721.5,29750.0,29741.75,29687.0,29733.0,29778.5,2026-08-18 08:04:00-04:00,True,2026-08-18 17:00:00-04:00,2026-08-18 17:00:00-04:00
30,2026-08-17,2026-08-18 05:30:00-04:00,2026-08-18 06:00:00-04:00,2026-08-18 06:30:00-04:00,bearish,29741.75,29687.0,29714.375,29745.75,29704.0,29727.5,29687.0,2026-08-18 08:37:00-04:00,True,2026-08-18 17:00:00-04:00,2026-08-18 17:00:00-04:00
30,2026-08-17,2026-08-18 06:00:00-04:00,2026-08-18 06:30:00-04:00,2026-08-18 07:00:00-04:00,bearish,29745.75,29704.0,29724.875,29753.0,29720.5,29739.0,29704.0,2026-08-18 08:30:00-04:00,True,2026-08-18 17:00:00-04:00,2026-08-18 17:00:00-04:00
30,2026-08-17,2026-08-18 07:00:00-04:00,2026-08-18 07:30:00-04:00,2026-08-18 08:00:00-04:00,bullish,29774.25,29730.25,29752.25,29774.0,29727.0,29747.5,29774.25,2026-08-18 08:04:00-04:00,True,2026-08-18 17:00:00-04:00,2026-08-18 17:00:00-04:00
30,2026-08-17,2026-08-18 08:00:00-04:00,2026-08-18 08:30:00-04:00,2026-08-18 09:00:00-04:00,bullish,29785.5,29711.25,29748.375,29723.75,29680.75,29714.0,29785.5,,False,2026-08-18 17:00:00-04:00,2026-08-18 17:00:00-04:00
30,2026-08-17,2026-08-18 09:30:00-04:00,2026-08-18 10:00:00-04:00,2026-08-18 10:30:00-04:00,bullish,29770.0,29605.0,29687.5,29706.5,29568.25,29669.25,29770.0,,False,2026-08-18 17:00:00-04:00,2026-08-18 17:00:00-04:00
30,2026-08-17,2026-08-18 10:30:00-04:00,2026-08-18 11:00:00-04:00,2026-08-18 11:30:00-04:00,bullish,29691.0,29536.75,29613.875,29600.25,29514.0,29591.25,29691.0,,False,2026-08-18 17:00:00-04:00,2026-08-18 17:00:00-04:00
30,2026-08-17,2026-08-18 11:30:00-04:00,2026-08-18 12:00:00-04:00,2026-08-18 12:30:00-04:00,bearish,29641.25,29565.5,29603.375,29662.75,29609.25,29610.25,29565.5,2026-08-18 13:59:00-04:00,True,2026-08-18 17:00:00-04:00,2026-08-18 17:00:00-04:00
30,2026-08-17,2026-08-18 12:30:00-04:00,2026-08-18 13:00:00-04:00,2026-08-18 13:30:00-04:00,bullish,29671.0,29603.5,29637.25,29661.25,29593.0,29615.5,29671.0,,False,2026-08-18 17:00:00-04:00,2026-08-18 17:00:00-04:00
30,2026-08-17,2026-08-18 13:30:00-04:00,2026-08-18 14:00:00-04:00,2026-08-18 14:30:00-04:00,bullish,29622.0,29565.5,29593.75,29614.75,29547.25,29603.25,29622.0,,False,2026-08-18 17:00:00-04:00,2026-08-18 17:00:00-04:00
30,2026-08-17,2026-08-18 14:30:00-04:00,2026-08-18 15:00:00-04:00,2026-08-18 15:30:00-04:00,bullish,29613.5,29565.5,29589.5,29606.25,29564.5,29599.5,29613.5,,False,2026-08-18 17:00:00-04:00,2026-08-18 17:00:00-04:00
30,2026-08-18,2026-08-18 19:30:00-04:00,2026-08-18 20:00:00-04:00,2026-08-18 20:30:00-04:00,bullish,29554.25,29521.0,29537.625,29530.25,29441.0,29530.0,29554.25,2026-08-18 20:32:00-04:00,True,2026-08-19 17:00:00-04:00,2026-08-19 17:00:00-04:00
30,2026-08-18,2026-08-18 22:00:00-04:00,2026-08-18 22:30:00-04:00,2026-08-18 23:00:00-04:00,bullish,29583.75,29520.5,29552.125,29546.5,29510.0,29531.5,29583.75,2026-08-19 03:30:00-04:00,True,2026-08-19 17:00:00-04:00,2026-08-19 17:00:00-04:00
30,2026-08-18,2026-08-18 22:30:00-04:00,2026-08-18 23:00:00-04:00,2026-08-18 23:30:00-04:00,bearish,29546.5,29510.0,29528.25,29555.0,29519.5,29534.25,29510.0,2026-08-19 00:10:00-04:00,True,2026-08-19 17:00:00-04:00,2026-08-19 17:00:00-04:00
30,2026-08-18,2026-08-18 23:30:00-04:00,2026-08-19 00:00:00-04:00,2026-08-19 00:30:00-04:00,bullish,29567.5,29516.25,29541.875,29543.5,29504.75,29533.75,29567.5,2026-08-19 03:21:00-04:00,True,2026-08-19 17:00:00-04:00,2026-08-19 17:00:00-04:00
30,2026-08-18,2026-08-19 00:00:00-04:00,2026-08-19 00:30:00-04:00,2026-08-19 01:00:00-04:00,bullish,29543.5,29504.75,29524.125,29541.0,29464.0,29505.75,29543.5,2026-08-19 02:54:00-04:00,True,2026-08-19 17:00:00-04:00,2026-08-19 17:00:00-04:00
30,2026-08-18,2026-08-19 01:30:00-04:00,2026-08-19 02:00:00-04:00,2026-08-19 02:30:00-04:00,bullish,29512.25,29446.75,29479.5,29504.25,29430.25,29482.25,29512.25,2026-08-19 02:47:00-04:00,True,2026-08-19 17:00:00-04:00,2026-08-19 17:00:00-04:00
30,2026-08-18,2026-08-19 06:00:00-04:00,2026-08-19 06:30:00-04:00,2026-08-19 07:00:00-04:00,bearish,29558.0,29504.25,29531.125,29559.75,29517.25,29522.0,29504.25,2026-08-19 09:49:00-04:00,True,2026-08-19 17:00:00-04:00,2026-08-19 17:00:00-04:00
30,2026-08-18,2026-08-19 07:00:00-04:00,2026-08-19 07:30:00-04:00,2026-08-19 08:00:00-04:00,bullish,29578.0,29508.25,29543.125,29541.5,29506.5,29536.0,29578.0,2026-08-19 08:27:00-04:00,True,2026-08-19 17:00:00-04:00,2026-08-19 17:00:00-04:00
30,2026-08-18,2026-08-19 09:30:00-04:00,2026-08-19 10:00:00-04:00,2026-08-19 10:30:00-04:00,bullish,29742.0,29407.75,29574.875,29514.75,29375.75,29482.75,29742.0,,False,2026-08-19 17:00:00-04:00,2026-08-19 17:00:00-04:00
30,2026-08-18,2026-08-19 10:30:00-04:00,2026-08-19 11:00:00-04:00,2026-08-19 11:30:00-04:00,bearish,29624.25,29468.0,29546.125,29631.75,29579.75,29613.5,29468.0,,False,2026-08-19 17:00:00-04:00,2026-08-19 17:00:00-04:00
30,2026-08-18,2026-08-19 11:00:00-04:00,2026-08-19 11:30:00-04:00,2026-08-19 12:00:00-04:00,bullish,29631.75,29579.75,29605.75,29617.0,29550.5,29607.25,29631.75,2026-08-19 12:02:00-04:00,True,2026-08-19 17:00:00-04:00,2026-08-19 17:00:00-04:00
30,2026-08-18,2026-08-19 11:30:00-04:00,2026-08-19 12:00:00-04:00,2026-08-19 12:30:00-04:00,bearish,29617.0,29550.5,29583.75,29667.25,29587.5,29609.25,29550.5,2026-08-19 13:03:00-04:00,True,2026-08-19 17:00:00-04:00,2026-08-19 17:00:00-04:00
30,2026-08-18,2026-08-19 14:30:00-04:00,2026-08-19 15:00:00-04:00,2026-08-19 15:30:00-04:00,bearish,29579.0,29527.75,29553.375,29579.75,29529.25,29556.0,29527.75,2026-08-19 15:43:00-04:00,True,2026-08-19 17:00:00-04:00,2026-08-19 17:00:00-04:00
30,2026-08-19,2026-08-19 18:30:00-04:00,2026-08-19 19:00:00-04:00,2026-08-19 19:30:00-04:00,bearish,29653.75,29613.0,29633.375,29688.5,29632.25,29651.25,29613.0,2026-08-19 20:00:00-04:00,True,2026-08-20 17:00:00-04:00,2026-08-20 17:00:00-04:00
30,2026-08-19,2026-08-19 19:30:00-04:00,2026-08-19 20:00:00-04:00,2026-08-19 20:30:00-04:00,bullish,29666.75,29625.25,29646.0,29666.0,29581.25,29631.0,29666.75,2026-08-19 20:45:00-04:00,True,2026-08-20 17:00:00-04:00,2026-08-20 17:00:00-04:00
30,2026-08-19,2026-08-19 20:30:00-04:00,2026-08-19 21:00:00-04:00,2026-08-19 21:30:00-04:00,bearish,29675.5,29616.75,29646.125,29684.5,29623.5,29634.25,29616.75,2026-08-19 22:21:00-04:00,True,2026-08-20 17:00:00-04:00,2026-08-20 17:00:00-04:00
30,2026-08-19,2026-08-19 22:00:00-04:00,2026-08-19 22:30:00-04:00,2026-08-19 23:00:00-04:00,bullish,29683.75,29613.0,29648.375,29662.5,29609.0,29629.5,29683.75,2026-08-20 02:46:00-04:00,True,2026-08-20 17:00:00-04:00,2026-08-20 17:00:00-04:00
30,2026-08-19,2026-08-19 22:30:00-04:00,2026-08-19 23:00:00-04:00,2026-08-19 23:30:00-04:00,bullish,29662.5,29609.0,29635.75,29657.0,29604.5,29626.75,29662.5,2026-08-20 02:10:00-04:00,True,2026-08-20 17:00:00-04:00,2026-08-20 17:00:00-04:00
30,2026-08-19,2026-08-19 23:00:00-04:00,2026-08-19 23:30:00-04:00,2026-08-20 00:00:00-04:00,bullish,29657.0,29604.5,29630.75,29631.25,29595.0,29617.75,29657.0,2026-08-20 02:09:00-04:00,True,2026-08-20 17:00:00-04:00,2026-08-20 17:00:00-04:00
30,2026-08-19,2026-08-20 00:00:00-04:00,2026-08-20 00:30:00-04:00,2026-08-20 01:00:00-04:00,bullish,29656.0,29610.75,29633.375,29641.5,29608.0,29617.0,29656.0,2026-08-20 02:09:00-04:00,True,2026-08-20 17:00:00-04:00,2026-08-20 17:00:00-04:00
30,2026-08-19,2026-08-20 00:30:00-04:00,2026-08-20 01:00:00-04:00,2026-08-20 01:30:00-04:00,bullish,29641.5,29608.0,29624.75,29641.0,29588.25,29616.75,29641.5,2026-08-20 02:05:00-04:00,True,2026-08-20 17:00:00-04:00,2026-08-20 17:00:00-04:00
30,2026-08-19,2026-08-20 05:00:00-04:00,2026-08-20 05:30:00-04:00,2026-08-20 06:00:00-04:00,bearish,29543.75,29466.75,29505.25,29547.25,29507.5,29527.25,29466.75,2026-08-20 07:13:00-04:00,True,2026-08-20 17:00:00-04:00,2026-08-20 17:00:00-04:00
30,2026-08-19,2026-08-20 05:30:00-04:00,2026-08-20 06:00:00-04:00,2026-08-20 06:30:00-04:00,bearish,29547.25,29507.5,29527.375,29562.5,29512.0,29537.5,29507.5,2026-08-20 07:02:00-04:00,True,2026-08-20 17:00:00-04:00,2026-08-20 17:00:00-04:00
30,2026-08-19,2026-08-20 08:00:00-04:00,2026-08-20 08:30:00-04:00,2026-08-20 09:00:00-04:00,bullish,29374.75,29263.5,29319.125,29350.75,29240.25,29346.0,29374.75,2026-08-20 09:30:00-04:00,True,2026-08-20 17:00:00-04:00,2026-08-20 17:00:00-04:00
30,2026-08-19,2026-08-20 09:30:00-04:00,2026-08-20 10:00:00-04:00,2026-08-20 10:30:00-04:00,bullish,29470.25,29309.25,29389.75,29413.0,29304.5,29350.25,29470.25,,False,2026-08-20 17:00:00-04:00,2026-08-20 17:00:00-04:00
30,2026-08-19,2026-08-20 10:00:00-04:00,2026-08-20 10:30:00-04:00,2026-08-20 11:00:00-04:00,bearish,29413.0,29304.5,29358.75,29435.0,29329.0,29392.5,29304.5,2026-08-20 11:25:00-04:00,True,2026-08-20 17:00:00-04:00,2026-08-20 17:00:00-04:00
30,2026-08-19,2026-08-20 11:00:00-04:00,2026-08-20 11:30:00-04:00,2026-08-20 12:00:00-04:00,bullish,29457.25,29300.0,29378.625,29350.25,29269.25,29330.5,29457.25,,False,2026-08-20 17:00:00-04:00,2026-08-20 17:00:00-04:00
30,2026-08-19,2026-08-20 11:30:00-04:00,2026-08-20 12:00:00-04:00,2026-08-20 12:30:00-04:00,bearish,29350.25,29269.25,29309.75,29356.5,29302.5,29340.75,29269.25,2026-08-20 14:02:00-04:00,True,2026-08-20 17:00:00-04:00,2026-08-20 17:00:00-04:00
30,2026-08-19,2026-08-20 13:00:00-04:00,2026-08-20 13:30:00-04:00,2026-08-20 14:00:00-04:00,bullish,29382.25,29292.0,29337.125,29326.25,29282.0,29292.25,29382.25,,False,2026-08-20 17:00:00-04:00,2026-08-20 17:00:00-04:00
30,2026-08-19,2026-08-20 15:00:00-04:00,2026-08-20 15:30:00-04:00,2026-08-20 16:00:00-04:00,bearish,29308.0,29242.0,29275.0,29335.5,29286.25,29306.0,29242.0,,False,2026-08-20 17:00:00-04:00,2026-08-20 17:00:00-04:00
30,2026-08-19,2026-08-20 15:30:00-04:00,2026-08-20 16:00:00-04:00,2026-08-20 16:30:00-04:00,bullish,29335.5,29286.25,29310.875,29321.0,29263.5,29287.75,29335.5,,False,2026-08-20 17:00:00-04:00,2026-08-20 17:00:00-04:00
30,2026-08-20,2026-08-20 18:30:00-04:00,2026-08-20 19:00:00-04:00,2026-08-20 19:30:00-04:00,bearish,29326.25,29281.75,29304.0,29328.75,29311.25,29315.75,29281.75,2026-08-21 09:53:00-04:00,True,2026-08-21 17:00:00-04:00,2026-08-21 17:00:00-04:00
30,2026-08-20,2026-08-20 20:30:00-04:00,2026-08-20 21:00:00-04:00,2026-08-20 21:30:00-04:00,bullish,29363.0,29311.5,29337.25,29357.25,29291.75,29340.0,29363.0,2026-08-20 21:48:00-04:00,True,2026-08-21 17:00:00-04:00,2026-08-21 17:00:00-04:00
30,2026-08-20,2026-08-20 21:00:00-04:00,2026-08-20 21:30:00-04:00,2026-08-20 22:00:00-04:00,bearish,29357.25,29291.75,29324.5,29373.0,29320.0,29353.25,29291.75,2026-08-21 09:52:00-04:00,True,2026-08-21 17:00:00-04:00,2026-08-21 17:00:00-04:00
30,2026-08-20,2026-08-20 22:00:00-04:00,2026-08-20 22:30:00-04:00,2026-08-20 23:00:00-04:00,bearish,29395.0,29342.75,29368.875,29399.75,29376.0,29384.5,29342.75,2026-08-20 23:55:00-04:00,True,2026-08-21 17:00:00-04:00,2026-08-21 17:00:00-04:00
30,2026-08-20,2026-08-20 23:00:00-04:00,2026-08-20 23:30:00-04:00,2026-08-21 00:00:00-04:00,bullish,29388.0,29349.25,29368.625,29377.0,29341.75,29352.25,29388.0,2026-08-21 02:33:00-04:00,True,2026-08-21 17:00:00-04:00,2026-08-21 17:00:00-04:00
30,2026-08-20,2026-08-21 00:00:00-04:00,2026-08-21 00:30:00-04:00,2026-08-21 01:00:00-04:00,bullish,29373.5,29330.5,29352.0,29364.5,29321.25,29358.25,29373.5,2026-08-21 01:18:00-04:00,True,2026-08-21 17:00:00-04:00,2026-08-21 17:00:00-04:00
30,2026-08-20,2026-08-21 00:30:00-04:00,2026-08-21 01:00:00-04:00,2026-08-21 01:30:00-04:00,bearish,29364.5,29321.25,29342.875,29381.0,29351.0,29353.0,29321.25,2026-08-21 09:37:00-04:00,True,2026-08-21 17:00:00-04:00,2026-08-21 17:00:00-04:00
30,2026-08-20,2026-08-21 01:00:00-04:00,2026-08-21 01:30:00-04:00,2026-08-21 02:00:00-04:00,bullish,29381.0,29351.0,29366.0,29377.5,29340.0,29366.25,29381.0,2026-08-21 02:26:00-04:00,True,2026-08-21 17:00:00-04:00,2026-08-21 17:00:00-04:00
30,2026-08-20,2026-08-21 01:30:00-04:00,2026-08-21 02:00:00-04:00,2026-08-21 02:30:00-04:00,bearish,29377.5,29340.0,29358.75,29381.25,29354.25,29376.0,29340.0,2026-08-21 09:36:00-04:00,True,2026-08-21 17:00:00-04:00,2026-08-21 17:00:00-04:00
30,2026-08-20,2026-08-21 04:00:00-04:00,2026-08-21 04:30:00-04:00,2026-08-21 05:00:00-04:00,bearish,29462.75,29390.5,29426.625,29468.0,29416.75,29453.25,29390.5,2026-08-21 09:32:00-04:00,True,2026-08-21 17:00:00-04:00,2026-08-21 17:00:00-04:00
30,2026-08-20,2026-08-21 04:30:00-04:00,2026-08-21 05:00:00-04:00,2026-08-21 05:30:00-04:00,bullish,29468.0,29416.75,29442.375,29455.0,29410.75,29435.0,29468.0,2026-08-21 05:39:00-04:00,True,2026-08-21 17:00:00-04:00,2026-08-21 17:00:00-04:00
30,2026-08-20,2026-08-21 05:30:00-04:00,2026-08-21 06:00:00-04:00,2026-08-21 06:30:00-04:00,bearish,29492.0,29429.5,29460.75,29515.5,29470.0,29490.0,29429.5,2026-08-21 09:25:00-04:00,True,2026-08-21 17:00:00-04:00,2026-08-21 17:00:00-04:00
30,2026-08-20,2026-08-21 07:00:00-04:00,2026-08-21 07:30:00-04:00,2026-08-21 08:00:00-04:00,bearish,29525.5,29452.75,29489.125,29539.75,29498.0,29499.25,29452.75,2026-08-21 09:17:00-04:00,True,2026-08-21 17:00:00-04:00,2026-08-21 17:00:00-04:00
30,2026-08-20,2026-08-21 07:30:00-04:00,2026-08-21 08:00:00-04:00,2026-08-21 08:30:00-04:00,bullish,29539.75,29498.0,29518.875,29517.0,29472.0,29516.25,29539.75,,False,2026-08-21 17:00:00-04:00,2026-08-21 17:00:00-04:00
30,2026-08-20,2026-08-21 08:00:00-04:00,2026-08-21 08:30:00-04:00,2026-08-21 09:00:00-04:00,bearish,29517.0,29472.0,29494.5,29533.75,29503.5,29511.5,29472.0,2026-08-21 09:13:00-04:00,True,2026-08-21 17:00:00-04:00,2026-08-21 17:00:00-04:00
30,2026-08-20,2026-08-21 09:30:00-04:00,2026-08-21 10:00:00-04:00,2026-08-21 10:30:00-04:00,bullish,29472.5,29257.25,29364.875,29335.75,29220.25,29279.25,29472.5,2026-08-21 11:51:00-04:00,True,2026-08-21 17:00:00-04:00,2026-08-21 17:00:00-04:00
30,2026-08-20,2026-08-21 12:00:00-04:00,2026-08-21 12:30:00-04:00,2026-08-21 13:00:00-04:00,bullish,29454.5,29386.0,29420.25,29425.75,29380.5,29412.25,29454.5,,False,2026-08-21 17:00:00-04:00,2026-08-21 17:00:00-04:00
30,2026-08-20,2026-08-21 12:30:00-04:00,2026-08-21 13:00:00-04:00,2026-08-21 13:30:00-04:00,bullish,29425.75,29380.5,29403.125,29423.75,29375.0,29395.25,29425.75,2026-08-21 15:48:00-04:00,True,2026-08-21 17:00:00-04:00,2026-08-21 17:00:00-04:00
30,2026-08-20,2026-08-21 14:00:00-04:00,2026-08-21 14:30:00-04:00,2026-08-21 15:00:00-04:00,bullish,29405.5,29362.0,29383.75,29403.5,29353.75,29400.25,29405.5,2026-08-21 15:00:00-04:00,True,2026-08-21 17:00:00-04:00,2026-08-21 17:00:00-04:00
30,2026-08-20,2026-08-21 14:30:00-04:00,2026-08-21 15:00:00-04:00,2026-08-21 15:30:00-04:00,bearish,29403.5,29353.75,29378.625,29414.75,29380.0,29393.25,29353.75,,False,2026-08-21 17:00:00-04:00,2026-08-21 17:00:00-04:00
